<motor label="MT4008-24Pair-12V" description="" byuser="true">
  <Mp>
    <user_data>
      <ctrl_board name="B-G431B-ESC1"/>
      <pwr_board name="B-G431B-ESC1 3Sh"/>
      <motors>
        <pole_pairs>24</pole_pairs>
        <max_speed>5000</max_speed>
        <max_current>6</max_current>
        <v_bus>12</v_bus>
        <ld_lq_ratio>1</ld_lq_ratio>
        <sm_pmsm>true</sm_pmsm>
        <i_pmsm>false</i_pmsm>
      </motors>
    </user_data>
    <profile_data>
      <motors>
        <binaryFile name="C:\Program Files (x86)\STMicroelectronics\MC_SDK_6.0.0\Utilities\PC_Software\STMotorProfiler\resources\assets\fws\B-G431B-ESC1#B-G431B-ESC1 3Sh#(5.4.5)#(3E256425).hex"/>
        <electrical>
          <max_current>6</max_current>
          <v_bus>11.97076416015625</v_bus>
          <ls>0.000032333329727407545</ls>
          <rs>0.10000000149011612</rs>
          <ke>2.3362619876861572</ke>
        </electrical>
        <mechanical>
          <friction>5.017705575482978e-7</friction>
          <inertia>4.5159351813595094e-9</inertia>
          <max_speed>2568</max_speed>
          <max_speed_startup>984</max_speed_startup>
          <acceleration>500</acceleration>
        </mechanical>
      </motors>
      <operation_condition>
        <pwm_frequency>30000</pwm_frequency>
        <foc_rate>1</foc_rate>
        <cutoff_frequency>6000</cutoff_frequency>
      </operation_condition>
    </profile_data>
  </Mp>
  <system type="motor 1">
    <motor version="1.0">
      <name>Motor</name>
      <uid>M</uid>
      <type>M</type>
      <handler_name>M</handler_name>
      <board_name>MT4008-24Pair-12V</board_name>
      <vars>
        <var version="1.0" type="MC_List" name="I/SM-PMSM" value="1">
          <items>
            <item tag="1" text="Internal PMSM"/>
            <item tag="0" text="Surface Mounted PMSM"/>
          </items>
        </var>
        <var version="1.0" type="MC_Int" name="Pole Pairs" value="24"/>
        <var version="1.0" type="MC_Int" name="Max Rated Speed" value="2568"/>
        <var version="1.0" type="MC_Double" name="Nominal Current" value="6"/>
        <var version="1.0" type="MC_Double" name="Nominal DC Voltage" value="11.97076416015625"/>
        <var version="1.0" type="MC_Double" name="Rs" value="0.10000000149011612"/>
        <var version="1.0" type="MC_Double" name="Ld" value="0.032333329727407545"/>
        <var version="1.0" type="MC_Double" name="Lq" value="0.032333329727407545"/>
        <var version="1.0" type="MC_Double" name="Ls" value="0.032333329727407545"/>
        <var version="1.0" type="MC_Double" name="ld_lq_ratio" value="1"/>
        <var version="1.0" type="MC_Double" name="B-EmfConstant" value="2.3362619876861572"/>
        <var version="1.0" type="MC_Double" name="inertia" value="0.0045159351813595094"/>
        <var version="1.0" type="MC_Double" name="friction" value="0.5017705575482978"/>
        <var version="1.0" type="MC_Bool" name="Hall sensors" value="false"/>
        <var version="1.0" type="MC_List" name="Sensors displacement" value="1">
          <items>
            <item tag="60" text="60"/>
            <item tag="120" text="120"/>
          </items>
        </var>
        <var version="1.0" type="MC_Int" name="Placement electrical angle" value="300"/>
        <var version="1.0" type="MC_Bool" name="Quadrature encoder" value="false"/>
        <var version="1.0" type="MC_Int" name="Pulses per mechanical revolution" value="400"/>
      </vars>
    </motor>
  </system>
</motor>